{"total_blocks": 117, "root": {"id": "block_1", "boundary": [-17.78, -22.07, 18.19, 14.54], "points_count": 0, "has_file": false, "children": {"nw": {"id": "block_2", "boundary": [-17.78, -3.7650000000000006, 0.20500000000000007, 14.54], "points_count": 0, "has_file": false, "children": {"nw": {"id": "block_18", "boundary": [-17.78, 5.387499999999999, -8.787500000000001, 14.54], "points_count": 555, "has_file": true}, "ne": {"id": "block_19", "boundary": [-8.787500000000001, 5.387499999999999, 0.20500000000000007, 14.54], "points_count": 0, "has_file": false, "children": {"nw": {"id": "block_70", "boundary": [-8.787500000000001, 9.96375, -4.291250000000001, 14.54], "points_count": 4317, "has_file": true}, "ne": {"id": "block_71", "boundary": [-4.291250000000001, 9.96375, 0.20500000000000007, 14.54], "points_count": 1991, "has_file": true}, "sw": {"id": "block_72", "boundary": [-8.787500000000001, 5.387499999999999, -4.291250000000001, 9.96375], "points_count": 2496, "has_file": true}, "se": {"id": "block_73", "boundary": [-4.291250000000001, 5.387499999999999, 0.20500000000000007, 9.96375], "points_count": 8620, "has_file": true}}}, "sw": {"id": "block_20", "boundary": [-17.78, -3.7650000000000006, -8.787500000000001, 5.387499999999999], "points_count": 9042, "has_file": true}, "se": {"id": "block_21", "boundary": [-8.787500000000001, -3.7650000000000006, 0.20500000000000007, 5.387499999999999], "points_count": 0, "has_file": false, "children": {"nw": {"id": "block_22", "boundary": [-8.787500000000001, 0.8112499999999994, -4.291250000000001, 5.387499999999999], "points_count": 8801, "has_file": true}, "ne": {"id": "block_23", "boundary": [-4.291250000000001, 0.8112499999999994, 0.20500000000000007, 5.387499999999999], "points_count": 0, "has_file": false, "children": {"nw": {"id": "block_66", "boundary": [-4.291250000000001, 3.0993749999999993, -2.0431250000000003, 5.387499999999999], "points_count": 4090, "has_file": true}, "ne": {"id": "block_67", "boundary": [-2.0431250000000003, 3.0993749999999993, 0.20500000000000007, 5.387499999999999], "points_count": 2412, "has_file": true}, "sw": {"id": "block_68", "boundary": [-4.291250000000001, 0.8112499999999994, -2.0431250000000003, 3.0993749999999993], "points_count": 2199, "has_file": true}, "se": {"id": "block_69", "boundary": [-2.0431250000000003, 0.8112499999999994, 0.20500000000000007, 3.0993749999999993], "points_count": 5824, "has_file": true}}}, "sw": {"id": "block_24", "boundary": [-8.787500000000001, -3.7650000000000006, -4.291250000000001, 0.8112499999999994], "points_count": 0, "has_file": false, "children": {"nw": {"id": "block_26", "boundary": [-8.787500000000001, -1.4768750000000006, -6.5393750000000015, 0.8112499999999994], "points_count": 2265, "has_file": true}, "ne": {"id": "block_27", "boundary": [-6.5393750000000015, -1.4768750000000006, -4.291250000000001, 0.8112499999999994], "points_count": 3586, "has_file": true}, "sw": {"id": "block_28", "boundary": [-8.787500000000001, -3.7650000000000006, -6.5393750000000015, -1.4768750000000006], "points_count": 6229, "has_file": true}, "se": {"id": "block_29", "boundary": [-6.5393750000000015, -3.7650000000000006, -4.291250000000001, -1.4768750000000006], "points_count": 8240, "has_file": true}}}, "se": {"id": "block_25", "boundary": [-4.291250000000001, -3.7650000000000006, 0.20500000000000007, 0.8112499999999994], "points_count": 0, "has_file": false, "children": {"nw": {"id": "block_42", "boundary": [-4.291250000000001, -1.4768750000000006, -2.0431250000000003, 0.8112499999999994], "points_count": 6831, "has_file": true}, "ne": {"id": "block_43", "boundary": [-2.0431250000000003, -1.4768750000000006, 0.20500000000000007, 0.8112499999999994], "points_count": 0, "has_file": false, "children": {"nw": {"id": "block_102", "boundary": [-2.0431250000000003, -0.3328125000000006, -0.9190625000000001, 0.8112499999999994], "points_count": 4279, "has_file": true}, "ne": {"id": "block_103", "boundary": [-0.9190625000000001, -0.3328125000000006, 0.20500000000000007, 0.8112499999999994], "points_count": 1693, "has_file": true}, "sw": {"id": "block_104", "boundary": [-2.0431250000000003, -1.4768750000000006, -0.9190625000000001, -0.3328125000000006], "points_count": 4839, "has_file": true}, "se": {"id": "block_105", "boundary": [-0.9190625000000001, -1.4768750000000006, 0.20500000000000007, -0.3328125000000006], "points_count": 986, "has_file": true}}}, "sw": {"id": "block_44", "boundary": [-4.291250000000001, -3.7650000000000006, -2.0431250000000003, -1.4768750000000006], "points_count": 6581, "has_file": true}, "se": {"id": "block_45", "boundary": [-2.0431250000000003, -3.7650000000000006, 0.20500000000000007, -1.4768750000000006], "points_count": 6882, "has_file": true}}}}}}}, "ne": {"id": "block_3", "boundary": [0.20500000000000007, -3.7650000000000006, 18.19, 14.54], "points_count": 0, "has_file": false, "children": {"nw": {"id": "block_54", "boundary": [0.20500000000000007, 5.387499999999999, 9.197500000000002, 14.54], "points_count": 0, "has_file": false, "children": {"nw": {"id": "block_74", "boundary": [0.20500000000000007, 9.96375, 4.701250000000001, 14.54], "points_count": 3248, "has_file": true}, "ne": {"id": "block_75", "boundary": [4.701250000000001, 9.96375, 9.197500000000002, 14.54], "points_count": 3721, "has_file": true}, "sw": {"id": "block_76", "boundary": [0.20500000000000007, 5.387499999999999, 4.701250000000001, 9.96375], "points_count": 0, "has_file": false, "children": {"nw": {"id": "block_90", "boundary": [0.20500000000000007, 7.675624999999999, 2.4531250000000004, 9.96375], "points_count": 3778, "has_file": true}, "ne": {"id": "block_91", "boundary": [2.4531250000000004, 7.675624999999999, 4.701250000000001, 9.96375], "points_count": 2645, "has_file": true}, "sw": {"id": "block_92", "boundary": [0.20500000000000007, 5.387499999999999, 2.4531250000000004, 7.675624999999999], "points_count": 1620, "has_file": true}, "se": {"id": "block_93", "boundary": [2.4531250000000004, 5.387499999999999, 4.701250000000001, 7.675624999999999], "points_count": 2562, "has_file": true}}}, "se": {"id": "block_77", "boundary": [4.701250000000001, 5.387499999999999, 9.197500000000002, 9.96375], "points_count": 5695, "has_file": true}}}, "ne": {"id": "block_55", "boundary": [9.197500000000002, 5.387499999999999, 18.19, 14.54], "points_count": 5466, "has_file": true}, "sw": {"id": "block_56", "boundary": [0.20500000000000007, -3.7650000000000006, 9.197500000000002, 5.387499999999999], "points_count": 0, "has_file": false, "children": {"nw": {"id": "block_58", "boundary": [0.20500000000000007, 0.8112499999999994, 4.701250000000001, 5.387499999999999], "points_count": 7549, "has_file": true}, "ne": {"id": "block_59", "boundary": [4.701250000000001, 0.8112499999999994, 9.197500000000002, 5.387499999999999], "points_count": 0, "has_file": false, "children": {"nw": {"id": "block_94", "boundary": [4.701250000000001, 3.0993749999999993, 6.949375000000002, 5.387499999999999], "points_count": 2198, "has_file": true}, "ne": {"id": "block_95", "boundary": [6.949375000000002, 3.0993749999999993, 9.197500000000002, 5.387499999999999], "points_count": 2613, "has_file": true}, "sw": {"id": "block_96", "boundary": [4.701250000000001, 0.8112499999999994, 6.949375000000002, 3.0993749999999993], "points_count": 2482, "has_file": true}, "se": {"id": "block_97", "boundary": [6.949375000000002, 0.8112499999999994, 9.197500000000002, 3.0993749999999993], "points_count": 3149, "has_file": true}}}, "sw": {"id": "block_60", "boundary": [0.20500000000000007, -3.7650000000000006, 4.701250000000001, 0.8112499999999994], "points_count": 8990, "has_file": true}, "se": {"id": "block_61", "boundary": [4.701250000000001, -3.7650000000000006, 9.197500000000002, 0.8112499999999994], "points_count": 5061, "has_file": true}}}, "se": {"id": "block_57", "boundary": [9.197500000000002, -3.7650000000000006, 18.19, 5.387499999999999], "points_count": 0, "has_file": false,