{"total_blocks": 5, "root": {"id": "block_1", "boundary": [-21.44, -20.19, 29.43, 33.36], "points_count": 0, "has_file": false, "children": {"nw": {"id": "block_2", "boundary": [-21.44, 6.584999999999999, 3.994999999999999, 33.36], "points_count": 7429, "has_file": true}, "ne": {"id": "block_3", "boundary": [3.994999999999999, 6.584999999999999, 29.43, 33.36], "points_count": 8242, "has_file": true}, "sw": {"id": "block_4", "boundary": [-21.44, -20.19, 3.994999999999999, 6.584999999999999], "points_count": 5377, "has_file": true}, "se": {"id": "block_5", "boundary": [3.994999999999999, -20.19, 29.43, 6.584999999999999], "points_count": 8591, "has_file": true}}}}