{"total_blocks": 33, "root": {"id": "block_1", "boundary": [-33.32, -36.53, 35.54, 36.73], "points_count": 0, "has_file": false, "children": {"nw": {"id": "block_2", "boundary": [-33.32, 0.09999999999999787, 1.1099999999999994, 36.73], "points_count": 0, "has_file": false, "children": {"nw": {"id": "block_6", "boundary": [-33.32, 18.415, -16.105, 36.73], "points_count": 2357, "has_file": true}, "ne": {"id": "block_7", "boundary": [-16.105, 18.415, 1.1099999999999994, 36.73], "points_count": 7739, "has_file": true}, "sw": {"id": "block_8", "boundary": [-33.32, 0.09999999999999787, -16.105, 18.415], "points_count": 4276, "has_file": true}, "se": {"id": "block_9", "boundary": [-16.105, 0.09999999999999787, 1.1099999999999994, 18.415], "points_count": 4757, "has_file": true}}}, "ne": {"id": "block_3", "boundary": [1.1099999999999994, 0.09999999999999787, 35.54, 36.73], "points_count": 0, "has_file": false, "children": {"nw": {"id": "block_14", "boundary": [1.1099999999999994, 18.415, 18.325, 36.73], "points_count": 3237, "has_file": true}, "ne": {"id": "block_15", "boundary": [18.325, 18.415, 35.54, 36.73], "points_count": 0, "has_file": false, "children": {"nw": {"id": "block_30", "boundary": [18.325, 27.572499999999998, 26.932499999999997, 36.73], "points_count": 2147, "has_file": true}, "ne": {"id": "block_31", "boundary": [26.932499999999997, 27.572499999999998, 35.54, 36.73], "points_count": 0, "has_file": false}, "sw": {"id": "block_32", "boundary": [18.325, 18.415, 26.932499999999997, 27.572499999999998], "points_count": 7763, "has_file": true}, "se": {"id": "block_33", "boundary": [26.932499999999997, 18.415, 35.54, 27.572499999999998], "points_count": 499, "has_file": true}}}, "sw": {"id": "block_16", "boundary": [1.1099999999999994, 0.09999999999999787, 18.325, 18.415], "points_count": 0, "has_file": false, "children": {"nw": {"id": "block_22", "boundary": [1.1099999999999994, 9.257499999999999, 9.7175, 18.415], "points_count": 4107, "has_file": true}, "ne": {"id": "block_23", "boundary": [9.7175, 9.257499999999999, 18.325, 18.415], "points_count": 229, "has_file": true}, "sw": {"id": "block_24", "boundary": [1.1099999999999994, 0.09999999999999787, 9.7175, 9.257499999999999], "points_count": 5221, "has_file": true}, "se": {"id": "block_25", "boundary": [9.7175, 0.09999999999999787, 18.325, 9.257499999999999], "points_count": 1065, "has_file": true}}}, "se": {"id": "block_17", "boundary": [18.325, 0.09999999999999787, 35.54, 18.415], "points_count": 7329, "has_file": true}}}, "sw": {"id": "block_4", "boundary": [-33.32, -36.53, 1.1099999999999994, 0.09999999999999787], "points_count": 0, "has_file": false, "children": {"nw": {"id": "block_10", "boundary": [-33.32, -18.215000000000003, -16.105, 0.09999999999999787], "points_count": 9065, "has_file": true}, "ne": {"id": "block_11", "boundary": [-16.105, -18.215000000000003, 1.1099999999999994, 0.09999999999999787], "points_count": 7490, "has_file": true}, "sw": {"id": "block_12", "boundary": [-33.32, -36.53, -16.105, -18.215000000000003], "points_count": 1501, "has_file": true}, "se": {"id": "block_13", "boundary": [-16.105, -36.53, 1.1099999999999994, -18.215000000000003], "points_count": 5125, "has_file": true}}}, "se": {"id": "block_5", "boundary": [1.1099999999999994, -36.53, 35.54, 0.09999999999999787], "points_count": 0, "has_file": false, "children": {"nw": {"id": "block_18", "boundary": [1.1099999999999994, -18.215000000000003, 18.325, 0.09999999999999787], "points_count": 9340, "has_file": true}, "ne": {"id": "block_19", "boundary": [18.325, -18.215000000000003, 35.54, 0.09999999999999787], "points_count": 0, "has_file": false, "children": {"nw": {"id": "block_26", "boundary": [18.325, -9.057500000000003, 26.932499999999997, 0.09999999999999787], "points_count": 2730, "has_file": true}, "ne": {"id": "block_27", "boundary": [26.932499999999997, -9.057500000000003, 35.54, 0.09999999999999787], "points_count": 5460, "has_file": true}, "sw": {"id": "block_28", "boundary": [18.325, -18.215000000000003, 26.932499999999997, -9.057500000000003], "points_count": 1866, "has_file": true}, "se": {"id": "block_29", "boundary": [26.932499999999997, -18.215000000000003, 35.54, -9.057500000000003], "points_count": 139, "has_file": true}}}, "sw": {"id": "block_20", "boundary": [1.1099999999999994, -36.53, 18.325, -18.215000000000003], "points_count": 1464, "has_file": true}, "se": {"id": "block_21", "boundary": [18.325, -36.53, 35.54, -18.215000000000003], "points_count": 333, "has_file": true}}}}}}