{"total_blocks": 69, "root": {"id": "block_1", "boundary": [-34.35, -33.94, 29.47, 34.26], "points_count": 0, "has_file": false, "children": {"nw": {"id": "block_2", "boundary": [-34.35, 0.16000000000000014, -2.4400000000000013, 34.26], "points_count": 0, "has_file": false, "children": {"nw": {"id": "block_18", "boundary": [-34.35, 17.21, -18.395000000000003, 34.26], "points_count": 1008, "has_file": true}, "ne": {"id": "block_19", "boundary": [-18.395000000000003, 17.21, -2.4400000000000013, 34.26], "points_count": 8886, "has_file": true}, "sw": {"id": "block_20", "boundary": [-34.35, 0.16000000000000014, -18.395000000000003, 17.21], "points_count": 1335, "has_file": true}, "se": {"id": "block_21", "boundary": [-18.395000000000003, 0.16000000000000014, -2.4400000000000013, 17.21], "points_count": 0, "has_file": false, "children": {"nw": {"id": "block_34", "boundary": [-18.395000000000003, 8.685, -10.417500000000002, 17.21], "points_count": 349, "has_file": true}, "ne": {"id": "block_35", "boundary": [-10.417500000000002, 8.685, -2.4400000000000013, 17.21], "points_count": 3662, "has_file": true}, "sw": {"id": "block_36", "boundary": [-18.395000000000003, 0.16000000000000014, -10.417500000000002, 8.685], "points_count": 2514, "has_file": true}, "se": {"id": "block_37", "boundary": [-10.417500000000002, 0.16000000000000014, -2.4400000000000013, 8.685], "points_count": 6403, "has_file": true}}}}}, "ne": {"id": "block_3", "boundary": [-2.4400000000000013, 0.16000000000000014, 29.47, 34.26], "points_count": 0, "has_file": false, "children": {"nw": {"id": "block_38", "boundary": [-2.4400000000000013, 17.21, 13.514999999999999, 34.26], "points_count": 0, "has_file": false, "children": {"nw": {"id": "block_54", "boundary": [-2.4400000000000013, 25.735, 5.537499999999999, 34.26], "points_count": 201, "has_file": true}, "ne": {"id": "block_55", "boundary": [5.537499999999999, 25.735, 13.514999999999999, 34.26], "points_count": 0, "has_file": false, "children": {"nw": {"id": "block_58", "boundary": [5.537499999999999, 29.9975, 9.52625, 34.26], "points_count": 7644, "has_file": true}, "ne": {"id": "block_59", "boundary": [9.52625, 29.9975, 13.514999999999999, 34.26], "points_count": 6609, "has_file": true}, "sw": {"id": "block_60", "boundary": [5.537499999999999, 25.735, 9.52625, 29.9975], "points_count": 845, "has_file": true}, "se": {"id": "block_61", "boundary": [9.52625, 25.735, 13.514999999999999, 29.9975], "points_count": 3220, "has_file": true}}}, "sw": {"id": "block_56", "boundary": [-2.4400000000000013, 17.21, 5.537499999999999, 25.735], "points_count": 3824, "has_file": true}, "se": {"id": "block_57", "boundary": [5.537499999999999, 17.21, 13.514999999999999, 25.735], "points_count": 100, "has_file": true}}}, "ne": {"id": "block_39", "boundary": [13.514999999999999, 17.21, 29.47, 34.26], "points_count": 7574, "has_file": true}, "sw": {"id": "block_40", "boundary": [-2.4400000000000013, 0.16000000000000014, 13.514999999999999, 17.21], "points_count": 0, "has_file": false, "children": {"nw": {"id": "block_62", "boundary": [-2.4400000000000013, 8.685, 5.537499999999999, 17.21], "points_count": 4300, "has_file": true}, "ne": {"id": "block_63", "boundary": [5.537499999999999, 8.685, 13.514999999999999, 17.21], "points_count": 1058, "has_file": true}, "sw": {"id": "block_64", "boundary": [-2.4400000000000013, 0.16000000000000014, 5.537499999999999, 8.685], "points_count": 4421, "has_file": true}, "se": {"id": "block_65", "boundary": [5.537499999999999, 0.16000000000000014, 13.514999999999999, 8.685], "points_count": 2911, "has_file": true}}}, "se": {"id": "block_41", "boundary": [13.514999999999999, 0.16000000000000014, 29.47, 17.21], "points_count": 4889, "has_file": true}}}, "sw": {"id": "block_4", "boundary": [-34.35, -33.94, -2.4400000000000013, 0.16000000000000014], "points_count": 0, "has_file": false, "children": {"nw": {"id": "block_6", "boundary": [-34.35, -16.89, -18.395000000000003, 0.16000000000000014], "points_count": 7508, "has_file": true}, "ne": {"id": "block_7", "boundary": [-18.395000000000003, -16.89, -2.4400000000000013, 0.16000000000000014], "points_count": 0, "has_file": false, "children": {"nw": {"id": "block_10", "boundary": [-18.395000000000003, -8.365, -10.417500000000002, 0.16000000000000014], "points_count": 0, "has_file": false, "children": {"nw": {"id": "block_30", "boundary": [-18.395000000000003, -4.1025, -14.406250000000004, 0.16000000000000014], "points_count": 968, "has_file": true}, "ne": {"id": "block_31", "boundary": [-14.406250000000004, -4.1025, -10.417500000000002, 0.16000000000000014], "points_count": 4428, "has_file": true}, "sw": {"id": "block_32", "boundary": [-18.395000000000003, -8.365, -14.406250000000004, -4.1025], "points_count": 1953, "has_file": true}, "se": {"id": "block_33", "boundary": [-14.406250000000004, -8.365, -10.417500000000002, -4.1025], "points_count": 4298, "has_file": true}}}, "ne": {"id": "block_11", "boundary": [-10.417500000000002, -8.365, -2.4400000000000013, 0.16000000000000014], "points_count": 6770, "has_file": true}, "sw": {"id": "block_12", "boundary": [-18.395000000000003, -16.89, -10.417500000000002, -8.365], "points_count": 0, "has_file": false, "children": {"nw": {"id": "block_26", "boundary": [-18.395000000000003, -12.627500000000001, -14.406250000000004, -8.365], "points_count": 3504, "has_file": true}, "ne": {"id": "block_27", "boundary": [-14.406250000000004, -12.627500000000001, -10.417500000000002, -8.365], "points_count": 4174, "has_file": true}, "sw": {"id": "block_28", "boundary": [-18.395000000000003, -16.89, -14.406250000000004, -12.627500000000001], "points_count": 5848, "has_file": true}, "se": {"id": "block_29", "boundary": [-14.406250000000004, -16.89, -10.417500000000002, -12.627500000000001], "points_count": 4081, "has_file": true}}}, "se": {"id": "block_13", "boundary": [-10.417500000000002, -16.89, -2.4400000000000013, -8.365], "points_count": 9547, "has_file": true}}}, "sw": {"id": "block_8", "boundary": [-34.35, -33.94, -18.395000000000003, -16.89], "points_count": 0, "has_file": false}, "se": {"id": "block_9", "boundary": [-18.395000000000003, -33.94, -2.4400000000000013, -16.89], "points_count": 8175, "has_file": true}}}, "se": {"id": "block_5", "boundary": [-2.4400000000000013, -33.94, 29.47, 0.16000000000000014], "points_count": 0, "has_file": false, "children": {"nw": {"id": "block_14", "boundary": [-2.4400000000000013, -16.89, 13.514999999999999, 0.16000000000000014], "points_count": 0, "has_file": false, "children": {"nw": {"id": "block_46", "boundary": [-2.4400000000000013, -8.365, 5.537499999999999, 0.16000000000000014], "points_count": 8774, "has_file": true}, "ne": {"id": "block_47", "boundary": [5.537499999999999, -8.365, 13.514999999999999, 0.16000000000000014], "points_count": 4550, "has_file": true}, "sw": {"id": "block_48", "boundary": [-2.4400000000000013, -16.89, 5.537499999999999, -8.365], "points_count": 9942, "has_file": true}, "se": {"id": "block_49", "boundary": [5.537499999999999, -16.89, 13.514999999999999, -8.365], "points_count": 0, "has_file": false, "children": {"nw": {"id": "block_66", "boundary": [5.537499999999999, -12.627500000000001, 9.52625, -8.365], "points_count": 3854, "has_file": true}, "ne": {"id": "block_67", "boundary": [9.52625, -12.627500000000001, 13.514999999999999, -8.365], "points_count": 2043, "has_file": true}, "sw": {"id": "block_68", "boundary": [5.537499999999999, -16.89, 9.52625, -12.627500000000001], "points_count": 2718, "has_file": true}, "se": {"id": "block_69", "boundary": [9.52625, -16.89, 13.514999999999999, -12.627500000000001], "points_count": 2983, "has_file": true}}}}}, "ne": {"id": "block_15", "boundary": [13.514999999999999, -16.89, 29.47, 0.16000000000000014], "points_count": 0, "has_file": false, "children": {"nw": {"id": "block_50", "boundary": [13.514999999999999, -8.365, 21.4925, 0.16000000000000014], "points_count": 6399, "has_file": true}, "ne": {"id": "block_51",